group,region,lat,lon,raw,weight,unit
demand,BOS,42.4,-71.4,222543,0.0445087,MMcf res+com 2019
demand,NYC,40.9,-74.3,712672,0.142535,MMcf res+com 2019
demand,PHL,40.1,-75.6,424015,0.0848032,MMcf res+com 2019
demand,CMH,40.4,-82.6,362707,0.0725415,MMcf res+com 2019
demand,DET,42.6,-83.6,332254,0.0664509,MMcf res+com 2019
demand,CHI,41.8,-88.1,732521,0.146504,MMcf res+com 2019
demand,MSP,44.9,-93.4,243895,0.0487791,MMcf res+com 2019
demand,MCI,38.9,-94.8,254091,0.0508183,MMcf res+com 2019
demand,DFW,32.9,-97.1,374352,0.0748705,MMcf res+com 2019
demand,ATL,33.9,-84.4,360937,0.0721875,MMcf res+com 2019
demand,DEN,39.8,-104.9,287422,0.0574845,MMcf res+com 2019
demand,LAX,34.1,-117.9,554688,0.110938,MMcf res+com 2019
demand,SEA,47.4,-122.2,137894,0.0275788,MMcf res+com 2019
wind,WTX,32.4,-100.4,15555.2,0.154343,MW nameplate 2019
wind,PAN,35.4,-101.6,9804.8,0.0972862,MW nameplate 2019
wind,STX,27.6,-97.9,5857.6,0.0581209,MW nameplate 2019
wind,OKL,36.2,-98.4,7678.4,0.0761875,MW nameplate 2019
wind,KAN,38.2,-98.8,6527.1,0.0647639,MW nameplate 2019
wind,IOW,42.4,-94.3,12911.2,0.128109,MW nameplate 2019
wind,ILL,40.6,-88.6,13943.6,0.138353,MW nameplate 2019
wind,MIN,44.6,-96.4,8531.9,0.0846561,MW nameplate 2019
wind,WYO,41.6,-105.6,5651.3,0.0560739,MW nameplate 2019
wind,CAL,35.1,-118.4,6783.2,0.067305,MW nameplate 2019
wind,NPC,45.7,-120.5,7538.7,0.0748013,MW nameplate 2019
basin,Appalachia,40,-80.3,3.20764e+07,0.397868,Mcf/d gas 2019 avg
basin,Permian,31.9,-102.6,1.46943e+07,0.182265,Mcf/d gas 2019 avg
basin,Haynesville,32.3,-93.8,1.13089e+07,0.140273,Mcf/d gas 2019 avg
basin,Eagle Ford,28.6,-98.6,6.66391e+06,0.0826575,Mcf/d gas 2019 avg
basin,Anadarko,35.7,-98.6,7.47551e+06,0.0927244,Mcf/d gas 2019 avg
basin,Niobrara,40.4,-104.5,5.45799e+06,0.0676996,Mcf/d gas 2019 avg
basin,Bakken,47.9,-103.2,2.94368e+06,0.0365127,Mcf/d gas 2019 avg
