model,term,coef,t,n,r2,period
M1,a_z,-0.0687,-1.1139,516,0.0042,dev
M2,a_z,0.0028,0.0254,516,0.0072,dev
M2,p_cold,-0.0928,-0.7036,516,0.0072,dev
M3,a_z,0.0046,0.0408,516,0.0081,dev
M3,p_cold,-0.0890,-0.6909,516,0.0081,dev
M3,K,-0.0320,-0.5428,516,0.0081,dev
M4,a_z,0.0170,0.1412,516,0.0100,dev
M4,p_cold,-0.0833,-0.6609,516,0.0100,dev
M4,K,-0.0283,-0.5037,516,0.0100,dev
M4,B,-0.0500,-0.4366,516,0.0100,dev
P1,d_a,0.0958,1.6206,512,0.0210,dev
P1,d_p_cold,-0.0040,-0.0703,512,0.0210,dev
P1,dK_star,0.0242,0.5548,512,0.0210,dev
P1,d_B,0.1272,1.7589,512,0.0210,dev
