variant,costs,period,ann_return,ann_vol,sharpe,max_drawdown,turnover_x,worst_month,skew,n_trades,hit_rate,total_pnl_usd
H1,1x,dev,0.0030,0.0414,0.0727,-0.0608,7.7708,-0.0168,-1.6891,23,0.4348,14150.0000
H1,2x,dev,0.0003,0.0415,0.0082,-0.0629,7.7708,-0.0176,-1.7306,23,0.3913,1600.0000
B0_always_long,1x,dev,0.0093,0.0623,0.1499,-0.1489,39.8717,-0.0454,-0.3512,106,0.4340,43940.0000
B0_always_long,2x,dev,-0.0056,0.0626,-0.0898,-0.1634,39.8717,-0.0479,-0.4473,106,0.3868,-26460.0000
B1_mean_rule,1x,dev,0.0057,0.0395,0.1435,-0.0608,6.6435,-0.0114,-1.8042,19,0.4211,26650.0000
B1_mean_rule,2x,dev,0.0033,0.0396,0.0845,-0.0629,6.6435,-0.0123,-1.8474,19,0.3684,15750.0000
R1_delay1,1x,dev,-0.0064,0.0330,-0.1951,-0.0707,6.7853,-0.0161,-0.7073,20,0.4000,-30340.0000
R1_delay1,2x,dev,-0.0088,0.0331,-0.2666,-0.0797,6.7853,-0.0168,-0.6919,20,0.4000,-41590.0000
R2_hold3,1x,dev,0.0042,0.0315,0.1331,-0.0622,12.8717,-0.0205,1.5566,30,0.5000,19760.0000
R2_hold3,2x,dev,-0.0001,0.0315,-0.0026,-0.0681,12.8717,-0.0226,1.5985,30,0.4667,-390.0000
R3_hold10,1x,dev,0.0014,0.0418,0.0339,-0.0849,4.2743,-0.0178,-0.8138,17,0.4118,6680.0000
R3_hold10,2x,dev,-0.0000,0.0419,-0.0004,-0.0890,4.2743,-0.0183,-0.8613,17,0.3529,-70.0000
R4_p020,1x,dev,0.0062,0.0471,0.1319,-0.0923,9.5663,-0.0168,0.3283,28,0.3214,29230.0000
R4_p020,2x,dev,0.0029,0.0470,0.0608,-0.0984,9.5663,-0.0176,0.3284,28,0.2857,13430.0000
R5_p040,1x,dev,0.0082,0.0411,0.1994,-0.0608,6.5363,-0.0096,-1.6228,18,0.4444,38550.0000
R5_p040,2x,dev,0.0059,0.0412,0.1436,-0.0629,6.5363,-0.0103,-1.6574,18,0.4444,27850.0000
R6_symmetric,1x,dev,0.0020,0.0442,0.0459,-0.0750,15.4082,-0.0143,-1.9167,47,0.4681,9560.0000
R6_symmetric,2x,dev,-0.0037,0.0445,-0.0834,-0.0812,15.4082,-0.0150,-1.9915,47,0.4255,-17440.0000
R7_outright,1x,dev,-0.0093,0.0267,-0.3464,-0.1005,0.8773,-0.0179,-0.1286,23,0.3913,-43580.0000
R7_outright,2x,dev,-0.0096,0.0268,-0.3577,-0.1013,0.8773,-0.0180,-0.1320,23,0.3913,-45030.0000
