decision,entry,exit,ids,direction,q,entry_value,exit_value,gross,costs,net,stopped
2020-11-02,2020-11-02,2020-11-09,"(111284, 111291)",1.0,7,-0.13099999999999978,-0.14000000000000012,-630.0000000000239,350.0,-980.0000000000239,False
2020-11-09,2020-11-09,2020-11-16,"(111284, 111291)",1.0,8,-0.14000000000000012,-0.16699999999999982,-2159.9999999999754,400.0,-2559.9999999999754,False
2020-11-16,2020-11-16,2020-11-23,"(111284, 111291)",1.0,10,-0.16699999999999982,-0.1120000000000001,5499.999999999972,500.0,4999.999999999972,False
2020-11-23,2020-11-23,2020-12-01,"(111291, 111293)",1.0,11,0.016999999999999904,0.01200000000000001,-549.9999999999884,550.0,-1099.9999999999884,False
2020-12-01,2020-12-01,2020-12-08,"(111291, 111293)",1.0,13,0.01200000000000001,-0.02300000000000013,-4550.000000000018,650.0,-5200.000000000018,False
2020-12-08,2020-12-08,2020-12-15,"(111291, 111293)",1.0,14,-0.02300000000000013,0.0019999999999997797,3499.9999999999873,700.0,2799.9999999999873,False
2020-12-15,2020-12-15,2020-12-22,"(111291, 111293)",1.0,17,0.0019999999999997797,0.030999999999999694,4929.999999999985,850.0,4079.9999999999854,False
2020-12-22,2020-12-22,2020-12-30,"(111293, 111294)",1.0,19,0.02300000000000013,0.0,-4370.000000000025,950.0,-5320.000000000025,False
2020-12-30,2020-12-30,2021-01-07,"(111293, 111294)",1.0,20,0.0,0.038000000000000256,7600.000000000051,1000.0,6600.000000000051,False
2021-01-07,2021-01-07,2021-01-14,"(111293, 111294)",1.0,23,0.038000000000000256,0.03600000000000003,-460.0000000000512,1150.0,-1610.0000000000512,False
2021-01-14,2021-01-14,2021-01-22,"(111293, 111294)",1.0,25,0.03600000000000003,-0.009999999999999787,-11499.999999999953,1250.0,-12749.999999999953,False
2021-01-22,2021-01-22,2021-01-29,"(111294, 111296)",1.0,25,-0.04700000000000015,-0.028000000000000025,4750.000000000031,1250.0,3500.000000000031,False
2021-01-29,2021-01-29,2021-02-05,"(111294, 111296)",1.0,25,-0.028000000000000025,0.021999999999999797,12499.999999999956,1250.0,11249.999999999956,False
2021-02-05,2021-02-05,2021-02-12,"(111294, 111296)",1.0,23,0.021999999999999797,0.03600000000000003,3220.0000000000537,1150.0,2070.0000000000537,False
2021-02-12,2021-02-12,2021-02-22,"(111294, 111296)",1.0,24,0.03600000000000003,0.016999999999999904,-4560.0000000000255,1200.0,-5760.0000000000255,False
2021-02-22,2021-02-22,2021-03-01,"(111296, 111298)",1.0,12,-0.02400000000000002,-0.040999999999999925,-2039.9999999999886,600.0,-2639.9999999999886,False
2021-03-01,2021-03-01,2021-03-08,"(111296, 111298)",1.0,13,-0.040999999999999925,-0.03399999999999981,910.0000000000152,650.0,260.00000000001523,False
2021-03-08,2021-03-08,2021-03-15,"(111296, 111298)",1.0,15,-0.03399999999999981,-0.039000000000000146,-750.0000000000507,750.0,-1500.0000000000507,False
2021-03-15,2021-03-15,2021-03-22,"(111296, 111298)",1.0,18,-0.039000000000000146,-0.037000000000000366,359.9999999999602,900.0,-540.0000000000398,False
2021-03-22,2021-03-22,2021-03-29,"(111298, 111299)",1.0,21,-0.054999999999999716,-0.05500000000000016,-9.345058060716838e-11,1050.0,-1050.0000000000935,False
2021-03-29,2021-03-29,2021-04-05,"(111298, 111299)",1.0,23,-0.05500000000000016,-0.07099999999999973,-3679.999999999901,1150.0,-4829.999999999901,False
2021-11-01,2021-11-01,2021-11-08,"(111314, 143984)",1.0,19,-0.11899999999999977,-0.07800000000000029,7789.999999999902,950.0,6839.999999999902,False
2021-11-08,2021-11-08,2021-11-15,"(111314, 143984)",1.0,21,-0.07800000000000029,-0.08699999999999974,-1889.999999999885,1050.0,-2939.999999999885,False
2021-11-15,2021-11-15,2021-11-22,"(111314, 143984)",1.0,23,-0.08699999999999974,-0.07200000000000006,3449.9999999999263,1150.0,2299.9999999999263,False
2021-11-22,2021-11-22,2021-11-30,"(143984, 129856)",1.0,25,0.09199999999999964,0.06099999999999994,-7749.999999999924,1250.0,-8999.999999999924,False
2021-11-30,2021-11-30,2021-12-07,"(143984, 129856)",1.0,25,0.06099999999999994,0.03400000000000025,-6749.999999999922,1250.0,-7999.999999999922,False
2021-12-07,2021-12-07,2021-12-14,"(143984, 129856)",1.0,25,0.03400000000000025,0.03399999999999981,-1.1075940165028442e-10,1250.0,-1250.0000000001107,False
2021-12-14,2021-12-14,2021-12-21,"(143984, 129856)",1.0,25,0.03399999999999981,0.0950000000000002,15250.000000000098,1250.0,14000.000000000098,False
2021-12-21,2021-12-21,2021-12-29,"(129856, 154903)",1.0,25,0.1299999999999999,0.15399999999999991,6000.000000000005,1250.0,4750.000000000005,False
2021-12-29,2021-12-29,2022-01-05,"(129856, 154903)",1.0,23,0.15399999999999991,0.17200000000000015,4140.000000000055,1150.0,2990.0000000000546,False
2022-01-05,2022-01-05,2022-01-12,"(129856, 154903)",1.0,20,0.17200000000000015,0.5300000000000002,71600.00000000001,1000.0,70600.00000000001,False
2022-01-12,2022-01-12,2022-01-14,"(129856, 154903)",1.0,15,0.5300000000000002,0.18099999999999916,-52350.00000000017,750.0,-53100.00000000017,True
2022-01-14,2022-01-14,2022-01-24,"(129856, 154903)",1.0,5,0.18099999999999916,0.15200000000000014,-1449.9999999999513,250.0,-1699.9999999999513,False
2022-01-24,2022-01-24,2022-01-31,"(154903, 156565)",1.0,5,0.03299999999999992,0.19899999999999984,8299.999999999996,250.0,8049.999999999996,False
2022-01-31,2022-01-31,2022-02-07,"(154903, 156565)",1.0,6,0.19899999999999984,0.03399999999999981,-9900.000000000004,300.0,-10200.000000000004,False
2022-02-07,2022-02-07,2022-02-14,"(154903, 156565)",1.0,4,0.03399999999999981,0.03500000000000014,40.000000000013415,200.0,-159.99999999998658,False
2022-02-14,2022-02-14,2022-02-22,"(154903, 156565)",1.0,4,0.03500000000000014,0.03699999999999992,79.99999999999136,200.0,-120.00000000000864,False
2022-02-22,2022-02-22,2022-03-01,"(156565, 192030)",1.0,5,-0.021999999999999353,-0.024999999999999467,-150.00000000000568,250.0,-400.0000000000057,False
2022-03-01,2022-03-01,2022-03-08,"(156565, 192030)",1.0,6,-0.024999999999999467,-0.03599999999999959,-660.0000000000074,300.0,-960.0000000000074,False
2022-03-08,2022-03-08,2022-03-15,"(156565, 192030)",1.0,7,-0.03599999999999959,-0.04900000000000038,-910.0000000000551,350.0,-1260.000000000055,False
2022-03-15,2022-03-15,2022-03-22,"(156565, 192030)",1.0,8,-0.04900000000000038,-0.040000000000000036,720.0000000000273,400.0,320.0000000000273,False
2022-03-22,2022-03-22,2022-03-29,"(192030, 178084)",1.0,9,-0.04099999999999948,-0.051000000000000156,-900.0000000000607,450.0,-1350.0000000000607,False
2022-03-29,2022-03-29,2022-04-05,"(192030, 178084)",1.0,10,-0.051000000000000156,-0.07599999999999962,-2499.999999999947,500.0,-2999.999999999947,False
2022-11-01,2022-11-01,2022-11-08,"(130438, 152340)",1.0,14,-0.36599999999999966,-0.3860000000000001,-2800.0000000000637,700.0,-3500.0000000000637,False
2022-11-08,2022-11-08,2022-11-15,"(130438, 152340)",1.0,11,-0.3860000000000001,-0.36099999999999977,2750.000000000039,550.0,2200.000000000039,False
2022-11-15,2022-11-15,2022-11-22,"(130438, 152340)",1.0,11,-0.36099999999999977,-0.6269999999999998,-29260.0,550.0,-29810.0,False
2022-11-22,2022-11-22,2022-11-30,"(152340, 175886)",1.0,11,0.23599999999999977,0.1120000000000001,-13639.999999999964,550.0,-14189.999999999964,False
2022-11-30,2022-11-30,2022-12-07,"(152340, 175886)",1.0,6,0.1120000000000001,0.10599999999999987,-360.00000000001376,300.0,-660.0000000000138,False
2022-12-07,2022-12-07,2022-12-14,"(152340, 175886)",1.0,7,0.10599999999999987,0.20999999999999996,7280.000000000007,350.0,6930.000000000007,False
2022-12-14,2022-12-14,2022-12-21,"(152340, 175886)",1.0,8,0.20999999999999996,0.09399999999999942,-9280.000000000045,400.0,-9680.000000000045,False
2022-12-21,2022-12-21,2022-12-29,"(175886, 199997)",1.0,6,0.42300000000000004,0.44200000000000017,1140.0000000000073,300.0,840.0000000000073,False
2022-12-29,2022-12-29,2023-01-06,"(175886, 199997)",1.0,6,0.44200000000000017,0.31800000000000006,-7440.0000000000055,300.0,-7740.0000000000055,False
2023-01-06,2023-01-06,2023-01-13,"(175886, 199997)",1.0,6,0.31800000000000006,0.22299999999999986,-5700.000000000012,300.0,-6000.000000000012,False
2023-01-13,2023-01-13,2023-01-23,"(175886, 199997)",1.0,7,0.22299999999999986,0.2250000000000001,140.00000000001546,350.0,-209.99999999998454,False
2023-01-23,2023-01-23,2023-01-30,"(199997, 140642)",1.0,6,0.027000000000000135,-0.053999999999999826,-4859.999999999998,300.0,-5159.999999999998,False
2023-01-30,2023-01-30,2023-02-06,"(199997, 140642)",1.0,7,-0.053999999999999826,-0.07800000000000029,-1680.0000000000325,350.0,-2030.0000000000325,False
2023-02-06,2023-02-06,2023-02-13,"(199997, 140642)",1.0,8,-0.07800000000000029,-0.0940000000000003,-1280.000000000001,400.0,-1680.000000000001,False
2023-02-13,2023-02-13,2023-02-21,"(199997, 140642)",1.0,9,-0.0940000000000003,-0.10400000000000009,-899.9999999999809,450.0,-1349.999999999981,False
2023-02-21,2023-02-21,2023-02-28,"(140642, 131903)",1.0,10,-0.1389999999999998,-0.1160000000000001,2299.999999999969,500.0,1799.999999999969,False
2023-02-28,2023-02-28,2023-03-07,"(140642, 131903)",1.0,11,-0.1160000000000001,-0.15300000000000002,-4069.999999999992,550.0,-4619.999999999992,False
2023-03-07,2023-03-07,2023-03-14,"(140642, 131903)",1.0,13,-0.15300000000000002,-0.11699999999999999,4680.000000000004,650.0,4030.0000000000036,False
2023-03-14,2023-03-14,2023-03-21,"(140642, 131903)",1.0,15,-0.11699999999999999,-0.137,-3000.0000000000027,750.0,-3750.0000000000027,False
2023-03-21,2023-03-21,2023-03-28,"(131903, 163607)",1.0,17,-0.2360000000000002,-0.23900000000000032,-510.00000000001944,850.0,-1360.0000000000196,False
2023-03-28,2023-03-28,2023-04-04,"(131903, 163607)",1.0,19,-0.23900000000000032,-0.238,190.0000000000632,950.0,-759.9999999999368,False
2023-11-01,2023-11-01,2023-11-08,"(116631, 56044)",1.0,13,-0.2589999999999999,-0.2829999999999999,-3120.0000000000027,650.0,-3770.0000000000027,False
2023-11-08,2023-11-08,2023-11-15,"(116631, 56044)",1.0,15,-0.2829999999999999,-0.17200000000000015,16649.999999999964,750.0,15899.999999999964,False
2023-11-15,2023-11-15,2023-11-22,"(116631, 56044)",1.0,14,-0.17200000000000015,-0.13600000000000012,5040.000000000005,700.0,4340.000000000005,False
2023-11-22,2023-11-22,2023-11-30,"(56044, 56065)",1.0,16,0.04999999999999982,0.039000000000000146,-1759.9999999999484,800.0,-2559.999999999948,False
2023-11-30,2023-11-30,2023-12-07,"(56044, 56065)",1.0,18,0.039000000000000146,0.06499999999999995,4679.999999999964,900.0,3779.9999999999636,False
2023-12-07,2023-12-07,2023-12-14,"(56044, 56065)",1.0,21,0.06499999999999995,0.04499999999999993,-4200.000000000004,1050.0,-5250.000000000004,False
2023-12-14,2023-12-14,2023-12-21,"(56044, 56065)",1.0,22,0.04499999999999993,0.11299999999999999,14960.000000000015,1100.0,13860.000000000015,False
2023-12-21,2023-12-21,2023-12-29,"(56065, 950)",1.0,21,0.16100000000000003,0.18699999999999983,5459.999999999958,1050.0,4409.999999999958,False
2023-12-29,2023-12-29,2024-01-08,"(56065, 950)",1.0,22,0.18699999999999983,0.3820000000000001,42900.00000000006,1100.0,41800.00000000006,False
2024-01-08,2024-01-08,2024-01-16,"(56065, 950)",1.0,20,0.3820000000000001,0.42300000000000004,8199.999999999985,1000.0,7199.999999999985,False
2024-01-16,2024-01-16,2024-01-23,"(56065, 950)",1.0,8,0.42300000000000004,0.28300000000000036,-11199.999999999975,400.0,-11599.999999999975,False
2024-01-23,2024-01-23,2024-01-30,"(950, 948)",1.0,6,-0.03300000000000036,-0.027000000000000135,360.00000000001364,300.0,60.00000000001364,False
2024-01-30,2024-01-30,2024-02-06,"(950, 948)",1.0,6,-0.027000000000000135,0.0019999999999997797,1739.999999999995,300.0,1439.999999999995,False
2024-02-06,2024-02-06,2024-02-13,"(950, 948)",1.0,7,0.0019999999999997797,-0.052999999999999936,-3849.9999999999804,350.0,-4199.99999999998,False
2024-02-13,2024-02-13,2024-02-21,"(950, 948)",1.0,8,-0.052999999999999936,-0.09000000000000008,-2960.000000000012,400.0,-3360.000000000012,False
2024-02-21,2024-02-21,2024-02-28,"(948, 946)",1.0,9,-0.131,-0.16700000000000004,-3240.000000000003,450.0,-3690.000000000003,False
2024-02-28,2024-02-28,2024-03-06,"(948, 946)",1.0,10,-0.16700000000000004,-0.14300000000000002,2400.0000000000027,500.0,1900.0000000000027,False
2024-03-06,2024-03-06,2024-03-13,"(948, 946)",1.0,12,-0.14300000000000002,-0.1260000000000001,2039.999999999988,600.0,1439.999999999988,False
2024-03-13,2024-03-13,2024-03-20,"(948, 946)",1.0,13,-0.1260000000000001,-0.1459999999999999,-2599.9999999999736,650.0,-3249.9999999999736,False
2024-03-20,2024-03-20,2024-03-27,"(946, 945)",1.0,15,-0.22899999999999987,-0.2350000000000001,-900.000000000034,750.0,-1650.000000000034,False
2024-03-27,2024-03-27,2024-04-04,"(946, 945)",1.0,17,-0.2350000000000001,-0.2230000000000001,2040.0000000000016,850.0,1190.0000000000016,False
2024-11-01,2024-11-01,2024-11-08,"(913, 902)",1.0,15,-0.27300000000000013,-0.2530000000000001,3000.0000000000027,750.0,2250.0000000000027,False
2024-11-08,2024-11-08,2024-11-15,"(913, 902)",1.0,17,-0.2530000000000001,-0.27300000000000013,-3400.0000000000014,850.0,-4250.000000000002,False
2024-11-15,2024-11-15,2024-11-22,"(913, 902)",1.0,16,-0.27300000000000013,-0.15799999999999992,18400.000000000036,800.0,17600.000000000036,False
2024-11-22,2024-11-22,2024-12-02,"(902, 899)",1.0,14,0.14500000000000002,0.137,-1120.0000000000014,700.0,-1820.0000000000014,False
2024-12-02,2024-12-02,2024-12-09,"(902, 899)",1.0,13,0.137,0.17799999999999994,5329.99999999999,650.0,4679.99999999999,False
2024-12-09,2024-12-09,2024-12-16,"(902, 899)",1.0,15,0.17799999999999994,0.18599999999999994,1200.0000000000023,750.0,450.0000000000023,False
2024-12-16,2024-12-16,2024-12-23,"(902, 899)",1.0,13,0.18599999999999994,0.31000000000000005,16120.000000000015,650.0,15470.000000000015,False
2024-12-23,2024-12-23,2024-12-31,"(899, 896)",1.0,13,0.40200000000000014,0.5350000000000001,17290.0,650.0,16640.0,False
2024-12-31,2024-12-31,2025-01-08,"(899, 896)",1.0,6,0.5350000000000001,0.488,-2820.00000000001,300.0,-3120.00000000001,False
2025-01-08,2025-01-08,2025-01-15,"(899, 896)",1.0,5,0.488,0.5180000000000002,1500.0000000000123,250.0,1250.0000000000123,False
2025-01-15,2025-01-15,2025-01-23,"(899, 896)",1.0,5,0.5180000000000002,0.47899999999999965,-1950.0000000000289,250.0,-2200.000000000029,False
2025-01-23,2025-01-23,2025-01-30,"(896, 892)",1.0,6,-0.01200000000000001,-0.022999999999999687,-659.9999999999807,300.0,-959.9999999999807,False
2025-01-30,2025-01-30,2025-02-06,"(896, 892)",1.0,6,-0.022999999999999687,0.01100000000000012,2039.9999999999884,300.0,1739.9999999999884,False
2025-02-06,2025-02-06,2025-02-13,"(896, 892)",1.0,6,0.01100000000000012,0.007000000000000117,-240.00000000000023,300.0,-540.0000000000002,False
2025-02-13,2025-02-13,2025-02-21,"(896, 892)",1.0,7,0.007000000000000117,0.10500000000000043,6860.000000000022,350.0,6510.000000000022,False
2025-02-21,2025-02-21,2025-02-28,"(892, 886)",1.0,9,-0.02800000000000047,-0.06199999999999983,-3059.9999999999427,450.0,-3509.9999999999427,False
2025-02-28,2025-02-28,2025-03-07,"(892, 886)",1.0,9,-0.06199999999999983,-0.054999999999999716,630.0000000000105,450.0,180.00000000001046,False
2025-03-07,2025-03-07,2025-03-14,"(892, 886)",1.0,10,-0.054999999999999716,-0.06799999999999962,-1299.9999999999898,500.0,-1799.9999999999898,False
2025-03-14,2025-03-14,2025-03-21,"(892, 886)",1.0,12,-0.06799999999999962,-0.04400000000000004,2879.9999999999495,600.0,2279.9999999999495,False
2025-03-21,2025-03-21,2025-03-28,"(886, 885)",1.0,14,-0.15800000000000036,-0.11999999999999922,5320.00000000016,700.0,4620.00000000016,False
2025-03-28,2025-03-28,2025-04-04,"(886, 885)",1.0,15,-0.11999999999999922,-0.10799999999999965,1799.999999999935,750.0,1049.999999999935,False
